[{"index": 0, "donor": null, "doctor": null, "recipient": null, "timestamp": "2024-02-11 16:44:11.773654", "proof": 1, "previous_hash": "0"}, {"index": 2, "donor": "{\"_id\": \"65c8e040253321d6e1daa75e\", \"userName\": \"Bilal Muhammad Khan\", \"Organ\": \"foot\", \"bloodgroup\": \"O+\", \"donarid\": \"ad\", \"donar_number\": 2}", "doctor": "{\"_id\": \"65c8d2ef7f85e5376ba99dc9\", \"name\": \"bila\", \"age\": 10, \"organ\": \"foot\"}", "recipient": null, "timestamp": "2024-02-11 20:38:30.405299", "proof": 632238, "previous_hash": "749108333268df1386c9d442d159779f3867a4280ad3da2b6520abdba62f70db"}, {"index": 3, "donor": "{\"_id\": \"65c8e040253321d6e1daa75e\", \"userName\": \"Bilal Muhammad Khan\", \"Organ\": \"foot\", \"bloodgroup\": \"O+\", \"donarid\": \"ad\", \"donar_number\": 2}", "doctor": "{\"_id\": \"65c8d2ef7f85e5376ba99dc9\", \"name\": \"bila\", \"age\": 10, \"organ\": \"foot\"}", "recipient": null, "timestamp": "2024-02-11 20:38:39.522535", "proof": 403091, "previous_hash": "f13ecda57aa0815279667faae61ef93b73aa825e8b8f9f8de00643663900c7b0"}, {"index": 4, "donor": "{\"_id\": \"65c8e040253321d6e1daa75e\", \"userName\": \"Bilal Muhammad Khan\", \"Organ\": \"foot\", \"bloodgroup\": \"O+\", \"donarid\": \"ad\", \"donar_number\": 2}", "doctor": "{\"_id\": \"65c8d2ef7f85e5376ba99dc9\", \"name\": \"bila\", \"age\": 10, \"organ\": \"foot\"}", "recipient": null, "timestamp": "2024-02-11 20:38:54.343475", "proof": 714736, "previous_hash": "b13fae5a55c654068e850b0c7e622bd7f92db567515ff7c70e751cf1051965ef"}, {"index": 5, "donor": "{\"_id\": \"65c8e040253321d6e1daa75e\", \"userName\": \"Bilal Muhammad Khan\", \"Organ\": \"foot\", \"bloodgroup\": \"O+\", \"donarid\": \"ad\", \"donar_number\": 2}", "doctor": "{\"_id\": \"65c8d2ef7f85e5376ba99dc9\", \"name\": \"bila\", \"age\": 10, \"organ\": \"foot\"}", "recipient": null, "timestamp": "2024-02-11 20:39:51.670500", "proof": 476581, "previous_hash": "f7ada3e50af77a392fb12b2880c01971d1f1b66a691cf89ac839f3eb7ad6b17b"}]