[{"index": 0, "donor": null, "doctor": null, "recipient": null, "timestamp": "2024-02-11 16:44:11.773654", "proof": 1, "previous_hash": "0"}, {"index": 2, "donor": "{\"_id\": \"65c8e040253321d6e1daa75e\", \"userName\": \"Bilal Muhammad Khan\", \"Organ\": \"foot\", \"bloodgroup\": \"O+\", \"donarid\": \"ad\", \"donar_number\": 2}", "doctor": "{\"_id\": \"65c8d2ef7f85e5376ba99dc9\", \"name\": \"bila\", \"age\": 10, \"organ\": \"foot\"}", "recipient": null, "timestamp": "2024-02-11 21:35:50.042134", "proof": 632238, "previous_hash": "749108333268df1386c9d442d159779f3867a4280ad3da2b6520abdba62f70db"}, {"index": 3, "donor": "{\"_id\": \"65c8e040253321d6e1daa75e\", \"userName\": \"Bilal Muhammad Khan\", \"Organ\": \"foot\", \"bloodgroup\": \"O+\", \"donarid\": \"ad\", \"donar_number\": 2}", "doctor": "{\"_id\": \"65c8d2ef7f85e5376ba99dc9\", \"name\": \"bila\", \"age\": 10, \"organ\": \"foot\"}", "recipient": null, "timestamp": "2024-02-11 21:48:48.711023", "proof": 403091, "previous_hash": "a4d9ee532e360187e7617260ca1577c0f6cd589b7eda4508dfd4d11342fa38d3"}, {"index": 4, "donor": "{\"_id\": \"65c8ecf6ac065b2d60e9dce2\", \"userName\": \"Bilal Muhammad Khan\", \"Organ\": \"foot\", \"bloodgroup\": \"x+\", \"donarid\": \"23\", \"donar_number\": 1}", "doctor": "{\"_id\": \"65c8d2f81e7ed64189722ef5\", \"name\": \"bila\", \"age\": 10, \"organ\": \"foot\"}", "recipient": null, "timestamp": "2024-02-11 21:48:59.079114", "proof": 714736, "previous_hash": "5aa1a47050520669a7ab438195f8779213129198be49c1a1e627b7a2b3ea58c0"}, {"index": 5, "donor": "{\"_id\": \"65c8f671bb39683601b2d19d\", \"userName\": \"bilal\", \"Organ\": \"foot\", \"bloodgroup\": \"xa\", \"donarid\": \"123445\", \"donar_number\": 1}", "doctor": "{\"_id\": \"65c8f52e2a97990860297e9b\", \"userName\": \"simroop\", \"bloodgroup\": \"x+\", \"organNeeded\": \"foot\", \"receiverid\": \"123\", \"receiver_number\": 1}", "recipient": null, "timestamp": "2024-02-11 22:08:15.343920", "proof": 476581, "previous_hash": "f44df8268f34be959218ee4b0e53fea58f35b542810f067cc70f68480a9d3679"}, {"index": 6, "donor": "{\"_id\": \"65c8f854c2a1465354ae90b2\", \"userName\": \"simroop\", \"Organ\": \"brain\", \"bloodgroup\": \"as\", \"donarid\": \"1232\", \"donar_number\": 2}", "doctor": "{\"_id\": \"65c8f623bb39683601b2d19b\", \"userName\": \"bilal\", \"bloodgroup\": \"x+\", \"organNeeded\": \"brain\", \"receiverid\": \"12345\", \"receiver_number\": 1}", "recipient": null, "timestamp": "2024-02-11 22:09:52.444375", "proof": 431630, "previous_hash": "76fac053dbe8b3b7699bd4c6e5d94c43c8adc220ef1a4b9db538e2110110feac"}, {"index": 7, "donor": "{\"_id\": \"65c8f881c2a1465354ae90b4\", \"userName\": \"simroop\", \"Organ\": \"brain\", \"bloodgroup\": \"da1\", \"donarid\": \"23123\", \"donar_number\": 3}", "doctor": "{\"_id\": \"65c8f8f6c2a1465354ae90b6\", \"userName\": \"simroop\", \"bloodgroup\": \"x+\", \"organNeeded\": \"brain\", \"receiverid\": \"24\", \"receiver_number\": 1}", "recipient": null, "timestamp": "2024-02-11 22:12:39.970936", "proof": 1108970, "previous_hash": "8e3eb0b27c5257881e27c0e17d5f889aa5bb4a23662c1d1f5c8347e96ce76c26"}, {"index": 8, "donor": "{\"_id\": \"65c8f9926795d4c0179129d9\", \"userName\": \"Ashmit\", \"Organ\": \"brain\", \"bloodgroup\": \"gf21\", \"donarid\": \"31\", \"donar_number\": 1}", "doctor": "{\"_id\": \"65c8f93dc2a1465354ae90b8\", \"userName\": \"simrpo\", \"bloodgroup\": \"dewq\", \"organNeeded\": \"brain\", \"receiverid\": \"e1\", \"receiver_number\": 2}", "recipient": null, "timestamp": "2024-02-11 22:15:11.048135", "proof": 405575, "previous_hash": "d96e6ef126953e74c62b514de5ec49f0949f8bafe0b0a6c1b31fadcd5fd04b14"}, {"index": 9, "donor": "{\"_id\": \"65c8f9c2e5bf7242cfeb10b8\", \"userName\": \"8318074303\", \"Organ\": \"b\", \"bloodgroup\": \"p-\", \"donarid\": \"0\", \"donar_number\": 1}", "doctor": "{\"_id\": \"65c8fac286ab872afa1cd760\", \"userName\": \"8318074303\", \"bloodgroup\": \"p-\", \"organNeeded\": \"b\", \"receiverid\": \"0\", \"receiver_number\": 1}", "recipient": null, "timestamp": "2024-02-11 22:20:24.771283", "proof": 737640, "previous_hash": "f1bf400ce97ee4da568bba3d66e4b59efcc4c4e5f8a72535f4e1d7342ae13ff2"}]